,publish_time,nums
1,2011-02,126
2,2011-03,173
3,2011-04,148
4,2011-05,229
5,2011-06,134
6,2011-07,83
7,2011-08,138
8,2011-09,155
9,2011-10,157
10,2011-11,157
11,2011-12,210
12,2012-01,202
13,2012-02,202
14,2012-03,191
15,2012-04,144
16,2012-05,176
17,2012-06,184
18,2012-07,143
19,2012-08,174
20,2012-09,150
21,2012-10,228
22,2012-11,193
23,2012-12,326
24,2013-01,190
25,2013-02,170
26,2013-03,170
27,2013-04,207
28,2013-05,203
29,2013-06,150
30,2013-07,147
31,2013-08,184
32,2013-09,197
33,2013-10,255
34,2013-11,237
35,2013-12,298
36,2014-01,176
37,2014-02,196
38,2014-03,210
39,2014-04,191
40,2014-05,172
41,2014-06,197
42,2014-07,159
43,2014-08,201
44,2014-09,215
45,2014-10,276
46,2014-11,231
47,2014-12,252
48,2015-01,198
49,2015-02,170
50,2015-03,175
51,2015-04,177
52,2015-05,185
53,2015-06,172
54,2015-07,167
55,2015-08,191
56,2015-09,220
57,2015-10,302
58,2015-11,211
59,2015-12,279
60,2016-01,172
61,2016-02,148
62,2016-03,180
63,2016-04,178
64,2016-05,164
65,2016-06,153
66,2016-07,127
67,2016-08,155
68,2016-09,170
69,2016-10,195
70,2016-11,223
71,2016-12,261
72,2017-01,135
73,2017-02,172
74,2017-03,204
75,2017-04,183
76,2017-05,204
77,2017-06,188
78,2017-07,165
79,2017-08,141
80,2017-09,207
81,2017-10,219
82,2017-11,221
83,2017-12,183
84,2018-01,143
85,2018-02,125
86,2018-03,152
87,2018-04,158
88,2018-05,133
89,2018-06,157
90,2018-07,132
91,2018-08,98
92,2018-09,148
93,2018-10,166
94,2018-11,163
95,2018-12,184
96,2019-01,131
97,2019-02,122
98,2019-03,147
99,2019-04,164
100,2019-05,145
101,2019-06,173
102,2019-07,137
103,2019-08,172
104,2019-09,153
105,2019-10,161
106,2019-11,164
107,2019-12,169
108,2020-01,31
109,2020-02,29
110,2020-03,30
111,2020-04,27
112,2020-05,39
113,2020-06,42
114,2020-07,689
115,2020-08,20
116,2020-09,36
117,2020-10,260
118,2020-11,31
119,2020-12,34
120,2021-01,1
